{"cameraMode":{"drawMode":0,"name":"Shaded","section":"Shading Mode"},"sceneLighting":false,"audioPlay":false,"sceneViewState":{"showFog":true,"showMaterialUpdate":false,"showSkybox":false,"showFlares":true,"showImageEffects":true,"showParticleSystems":true},"in2DMode":false,"pivot":{"x":1.7377874851226807,"y":200.3107147216797,"z":-159.9303436279297},"rotation":{"x":-0.03080376423895359,"y":0.7816196084022522,"z":-0.038721803575754169,"w":-0.6217899322509766},"size":10.084956169128418,"orthographic":false}