{"cameraMode":{"drawMode":0,"name":"Shaded","section":"Shading Mode"},"sceneLighting":true,"audioPlay":false,"sceneViewState":{"showFog":true,"showMaterialUpdate":false,"showSkybox":true,"showFlares":true,"showImageEffects":true,"showParticleSystems":true},"in2DMode":false,"pivot":{"x":742.7074584960938,"y":-1267.255126953125,"z":-1111.5579833984375},"rotation":{"x":-0.07496588677167893,"y":-0.905022144317627,"z":0.3783769905567169,"w":-0.1793069690465927},"size":1086.2239990234375,"orthographic":false}