{"cameraMode":{"drawMode":0,"name":"Shaded","section":"Shading Mode"},"sceneLighting":false,"audioPlay":false,"sceneViewState":{"showFog":true,"showMaterialUpdate":false,"showSkybox":false,"showFlares":true,"showImageEffects":true,"showParticleSystems":true},"in2DMode":false,"pivot":{"x":-20.015100479125978,"y":55.91773986816406,"z":-5.5123138427734379},"rotation":{"x":-0.26651531457901,"y":0.10965589433908463,"z":-0.03052169643342495,"w":-0.9573911428451538},"size":13.594934463500977,"orthographic":false}