{"cameraMode":{"drawMode":0,"name":"Shaded","section":"Shading Mode"},"sceneLighting":true,"audioPlay":false,"sceneViewState":{"showFog":true,"showMaterialUpdate":false,"showSkybox":true,"showFlares":true,"showImageEffects":true,"showParticleSystems":true},"in2DMode":false,"pivot":{"x":59.70736312866211,"y":112.48226928710938,"z":-12.412124633789063},"rotation":{"x":-0.19786007702350617,"y":0.05676078051328659,"z":0.011602486483752728,"w":0.9786289930343628},"size":59.87254333496094,"orthographic":false}