{"cameraMode":{"drawMode":0,"name":"Shaded","section":"Shading Mode"},"sceneLighting":true,"audioPlay":false,"sceneViewState":{"showFog":true,"showMaterialUpdate":false,"showSkybox":true,"showFlares":true,"showImageEffects":true,"showParticleSystems":true},"in2DMode":false,"pivot":{"x":522.1087646484375,"y":46.73887252807617,"z":84.39197540283203},"rotation":{"x":0.04086823761463165,"y":0.8025875091552734,"z":-0.05553150549530983,"w":0.5925855040550232},"size":321.4430847167969,"orthographic":false}