{"cameraMode":{"drawMode":0,"name":"Shaded","section":"Shading Mode"},"sceneLighting":true,"audioPlay":false,"sceneViewState":{"showFog":true,"showMaterialUpdate":false,"showSkybox":true,"showFlares":true,"showImageEffects":true,"showParticleSystems":true},"in2DMode":false,"pivot":{"x":-230.86456298828126,"y":-54.577232360839847,"z":103.54696655273438},"rotation":{"x":-0.09490294009447098,"y":0.396536648273468,"z":-0.04089778661727905,"w":-0.9124259352684021},"size":167.86618041992188,"orthographic":false}