{"cameraMode":{"drawMode":0,"name":"Shaded","section":"Shading Mode"},"sceneLighting":true,"audioPlay":false,"sceneViewState":{"showFog":true,"showMaterialUpdate":false,"showSkybox":true,"showFlares":true,"showImageEffects":true,"showParticleSystems":true},"in2DMode":false,"pivot":{"x":-72.12872314453125,"y":27.146194458007814,"z":72.552978515625},"rotation":{"x":0.05236530303955078,"y":-0.5818589329719544,"z":0.03758217394351959,"w":0.810738742351532},"size":83.21487426757813,"orthographic":false}