{"cameraMode":{"drawMode":0,"name":"Shaded","section":"Shading Mode"},"sceneLighting":false,"audioPlay":false,"sceneViewState":{"showFog":true,"showMaterialUpdate":false,"showSkybox":false,"showFlares":true,"showImageEffects":true,"showParticleSystems":true},"in2DMode":false,"pivot":{"x":-53.77345275878906,"y":34.29627990722656,"z":219.11380004882813},"rotation":{"x":0.09422856569290161,"y":-0.6563971042633057,"z":0.08314696699380875,"w":0.7438854575157166},"size":68.06285858154297,"orthographic":false}