{"cameraMode":{"drawMode":0,"name":"Shaded","section":"Shading Mode"},"sceneLighting":true,"audioPlay":false,"sceneViewState":{"showFog":true,"showMaterialUpdate":false,"showSkybox":false,"showFlares":true,"showImageEffects":true,"showParticleSystems":true},"in2DMode":false,"pivot":{"x":-4.6099853515625,"y":24.71002197265625,"z":-3.030029296875},"rotation":{"x":-0.012772862799465657,"y":-0.9098178148269653,"z":0.028804047033190728,"w":-0.41455399990081789},"size":1212.435546875,"orthographic":false}