{"cameraMode":{"drawMode":0,"name":"Shaded","section":"Shading Mode"},"sceneLighting":true,"audioPlay":false,"sceneViewState":{"showFog":true,"showMaterialUpdate":false,"showSkybox":true,"showFlares":true,"showImageEffects":true,"showParticleSystems":true},"in2DMode":false,"pivot":{"x":-10.043731689453125,"y":6.532943248748779,"z":10.829066276550293},"rotation":{"x":0.053648725152015689,"y":-0.7857242226600647,"z":0.06874752044677735,"w":0.6124556660652161},"size":19.026256561279298,"orthographic":false}